case,runs,encode_min_seconds,encode_median_seconds,encode_mean_seconds,encode_max_seconds,encode_stdev_seconds,outer_median_seconds,final_bytes,final_mib,psnr_combined_db,packet_p95,packet_p99,packet_max,mivf_sha256,idx_sha256
full4,3,7.9,8.0,9.1,11.4,1.9924858845171276,12.5979326,5881530,5.609064102172852,43.31,12306,20004,34246,233d863004f7873c522ca99da81e27be510a9cdb04b18270b61a82523529fa06,d7dbb3e34dfce0b8c497a251e55a5a065211cbf7e2d31bb24e59b68db33bc998
full8,3,17.0,17.0,18.1,20.3,1.9052558883257655,22.1292962,5687461,5.423985481262207,43.39,11030,17234,34246,6c64d691d04852fe5deb9bf4ea68251bf7c406ff1d503a3aa412fbfd4705128f,5622a5e81ae50c6f06f8706c5aa314120620ad57a390f331f993864bc4eaef87
full12,3,20.9,28.4,27.2,32.3,5.793962374748389,32.5911995,5615202,5.355073928833008,43.42,10483,16993,34246,1228a2236812aab4e1648a0b7fcfe1fa65aacbf547ee4490a1c2719c0ba3fd7c,6bfd38639953aeba9c5b916e355eb8c0a9cf33b368679a6e70f336f7fad85c28
hierarchical12,3,12.3,13.1,19.3,32.5,11.438531374263043,17.8140681,5636583,5.37546443939209,43.41,10503,17255,34246,8f17a4b1b8f21b271fd7bf0f8766b1b9aa18524224f4b03e99a6769f929b4fc8,dc6eefcac860b65f307ec2ff457e46203363531ed2da698cb07927ff953376d0
hybrid16,3,8.4,11.6,10.8,12.4,2.116601048851672,16.9772715,5867478,5.595663070678711,43.27,11470,17467,34246,14621458eecb4687cbe3ae3184fcbcc429d20ddff25d3af97165534d14ebb25b,630c397bf06788e52bc5b2ec0d496c20e628f99ef3cfc3ec8be8d8bdc62bbffc
full8_warm,3,47.4,50.9,52.266666666666666,58.5,5.674798087450632,55.194565,5663703,5.401328086853027,43.42,11107,17156,21407,7b77a3ac431dfab68682ff24e2a31694a7e21db19ed144c41045dcaa02a677a7,71a145cc19e628438bf738ee0750c92576d8e45435045967e7cbc653442a1d41
hierarchical12_warm,3,43.8,46.2,45.46666666666667,46.4,1.4468356276140488,50.7040563,5620628,5.360248565673828,43.41,10503,16919,21186,4db1f2927826192606513777ce56880272f6d348e12b0566c2811934d3ce1934,a69abdcea6873ee263925e24d031ed3a4aba1c0bbb0426bf4615ea4697147a53
