case,label,video_codec,frames,duration_s,bytes,mib,size_vs_baseline_pct,psnr_y,psnr_cb,psnr_cr,psnr_combined,combined_psnr_delta_db,packet_avg,packet_p95,packet_p99,packet_max,encode_seconds,idx_bytes,audio_packets,sha256
A_baseline_keep8_qp34,Baseline keep8/QP34,M2Y1,1441,60.1017,5728964,5.463565826416016,0.0,38.75,44.14,44.12,39.88,0.0,2890.0,11573,18360,36919,22.7,136,1441,ed6aafc86f304231f14862363ac00fd5cbd45f1d63fd827d25bebcf6f460f294
B_hq_keep16_qp24,HQ keep16/QP24,M2Y1,1441,60.1017,8429138,8.038652420043945,47.13197709044776,42.73,45.16,45.0,43.31,3.4299999999999997,4764.0,19287,30893,44479,16.9,136,1441,a36ddb348503bb3b630e6a5d83c7d15fbf6ff5ea4638572001b491d26af1396b
C_hq_warmstart,HQ + warm-start,M2Y1,1441,60.1017,8413587,8.023821830749512,46.860531851832185,42.76,45.21,45.01,43.34,3.460000000000001,4753.0,19287,30448,36354,45.2,120,1441,c6b03934bb8cfaf9496a92628fe4413e74a330c54bb6e26cf5790f520428bb6c
D_hq_warmstart_m2y2,HQ + warm-start + M2Y2,M2Y2,1441,60.1017,5864691,5.593005180358887,2.369136898049984,42.76,45.21,45.01,43.34,3.460000000000001,2985.0,12248,19909,22497,62.6,120,1441,01c77b4479e792aa6a3fc1ba756be9da346aa81a1e0458ea0b850186d4295750
